"PROV","AMP","MAE"
"Amnat Charoen","Chanuman",0.115177223315069
"Amnat Charoen","Hua Taphan",0.0957130459875387
"Amnat Charoen","Lue Amnat",0.130130290985107
"Amnat Charoen","Mueang Amnat Charoen",0.222672228272118
"Amnat Charoen","Pathum Ratchawongsa",0.0779206671498039
"Amnat Charoen","Phana",0.0714546877902757
"Amnat Charoen","Senangkhanikhom",0.104383072116804
"Ang Thong","Chaiyo",0.00160439208108007
"Ang Thong","Mueang Ang Thong",0.00160439208108007
"Ang Thong","Pa Mok",0.00160439208108007
"Ang Thong","Pho Thong",0.00160439208108007
"Ang Thong","Samko",0.00160439208108007
"Ang Thong","Sawaeng Ha",0.00160439208108007
"Ang Thong","Wiset Chai Chan",0.00160439208108007
"Bangkok","Bang Bon",0.00160439208108007
"Bangkok","Bang Kapi",0.00160439208108007
"Bangkok","Bang Khae",0.00160439208108007
"Bangkok","Bang Khen",0.00160439208108007
"Bangkok","Bang Kho Laem",0.00160439208108007
"Bangkok","Bang Khun Thian",0.00160439208108007
"Bangkok","Bang Na",0.00160439208108007
"Bangkok","Bang Phlat",0.00160439208108007
"Bangkok","Bang Rak",0.00160439208108007
"Bangkok","Bang Sue",0.00160439208108007
"Bangkok","Bangkok Noi",0.00160439208108007
"Bangkok","Bangkok Yai",0.00160439208108007
"Bangkok","Bueng Kum",0.00160439208108007
"Bangkok","Chatuchak",0.00160439208108007
"Bangkok","Chom Thong",0.00160439208108007
"Bangkok","Din Daeng",0.00160439208108007
"Bangkok","Don Mueang",0.00160439208108007
"Bangkok","Dusit",0.00160439208108007
"Bangkok","Huai Khwang",0.00160439208108007
"Bangkok","Khan Na Yao",0.00160439208108007
"Bangkok","Khlong Sam Wa",0.00160439208108007
"Bangkok","Khlong San",0.00160439208108007
"Bangkok","Khlong Toei",0.00160439208108007
"Bangkok","Lak Si",0.00160439208108007
"Bangkok","Lat Krabang",0.00160439208108007
"Bangkok","Lat Phrao",0.00160439208108007
"Bangkok","Min Buri",0.00160439208108007
"Bangkok","Nong Chok",0.00160439208108007
"Bangkok","Nong Khaem",0.00160439208108007
"Bangkok","Pathum Wan",0.00160439208108007
"Bangkok","Phasi Charoen",0.00160439208108007
"Bangkok","Phaya Thai",0.00160439208108007
"Bangkok","Phra Khanong",0.00160439208108007
"Bangkok","Phra Nakhon",0.00160439208108007
"Bangkok","Pom Prap Sattru Phai",0.00160439208108007
"Bangkok","Prawet",0.00160439208108007
"Bangkok","Rat Burana",0.00160439208108007
"Bangkok","Ratchathewi",0.00160439208108007
"Bangkok","Sai Mai",0.00160439208108007
"Bangkok","Samphanthawong",0.00160439208108007
"Bangkok","Saphan Sung",0.00160439208108007
"Bangkok","Sathon",0.00160439208108007
"Bangkok","Suan Luang",0.00160439208108007
"Bangkok","Taling Chan",0.00160439208108007
"Bangkok","Thawi Watthana",0.00160439208108007
"Bangkok","Thon Buri",0.00160439208108007
"Bangkok","Thung Khru",0.00160439208108007
"Bangkok","Vadhana",0.00160439208108007
"Bangkok","Wang Thonglang",0.00160439208108007
"Bangkok","Yan Nawa",0.00160439208108007
"Bueng Kan","Bueng Khong Long",0.0727626139467413
"Bueng Kan","Bung Khla",0.0653169358318502
"Bueng Kan","Mueang Bueng Kan",0.090024655569461
"Bueng Kan","Pak Khat",0.0491589036854831
"Bueng Kan","Phon Charoen",0.0682007142628265
"Bueng Kan","Seka",0.0793081521987915
"Bueng Kan","Si Wilai",0.0343292788486105
"Bueng Kan","So Phisai",0.0214362226288912
"Buri Ram","Ban Dan",0.0833333130393286
"Buri Ram","Ban Kruat",0.0818415155464953
"Buri Ram","Ban Mai Chaiyaphot",0.00160439208108007
"Buri Ram","Chaloem Phra Kiat",0.0190050681121647
"Buri Ram","Chamni",0.0760051922347037
"Buri Ram","Huai Rat",0.0500810220837593
"Buri Ram","Khaen Dong",0.0490241773613496
"Buri Ram","Khu Mueang",0.0656202025559836
"Buri Ram","Krasang",0.036173694247071
"Buri Ram","Lahan Sai",0.0974672308022326
"Buri Ram","Lam Plai Mat",0.063107680529356
"Buri Ram","Mueang Buri Ram",0.056542498821562
"Buri Ram","Na Pho",0.00160439208108007
"Buri Ram","Nang Rong",0.0411229667303195
"Buri Ram","Non Din Daeng",0.00160439208108007
"Buri Ram","Non Suwan",0.0934126963687233
"Buri Ram","Nong Hong",0.0146290019136918
"Buri Ram","Nong Ki",0.123453215172753
"Buri Ram","Pakham",0.0285674744049277
"Buri Ram","Phlapphla Chai",0.0668361367319118
"Buri Ram","Phutthaisong",0.0721808999759209
"Buri Ram","Prakhon Chai",0.0343907024051676
"Buri Ram","Satuek",0.0766331831162625
"Chachoengsao","Ban Pho",0.00160439208108007
"Chachoengsao","Bang Khla",0.00160439208108007
"Chachoengsao","Bang Nam Priao",0.00160439208108007
"Chachoengsao","Bang Pakong",0.00160439208108007
"Chachoengsao","Khlong Khuean",0.00160439208108007
"Chachoengsao","Mueang Chachoengsao",0.0126242813154451
"Chachoengsao","Phanom Sarakham",0.0126242813154451
"Chachoengsao","Plaeng Yao",0.00160439208108007
"Chachoengsao","Ratchasan",0.00160439208108007
"Chachoengsao","Sanam Chai Khet",0.0311148634595554
"Chachoengsao","Tha Takiap",0.029795403449177
"Chai Nat","Hankha",0.00160439208108007
"Chai Nat","Manorom",0.0556681133881535
"Chai Nat","Mueang Chai Nat",0.0278340566940767
"Chai Nat","Noen Kham",0.00160439208108007
"Chai Nat","Nong Mamong",0.0278340566940767
"Chai Nat","Sankhaburi",0.0278340566940767
"Chai Nat","Sapphaya",0.00160439208108007
"Chai Nat","Wat Sing",0.00160439208108007
"Chaiyaphum","Bamnet Narong",0.00160439208108007
"Chaiyaphum","Ban Khwao",0.00160439208108007
"Chaiyaphum","Ban Thaen",0.0539252419038278
"Chaiyaphum","Chatturat",0.0274354205890136
"Chaiyaphum","Kaeng Khro",0.0348784083344744
"Chaiyaphum","Kaset Sombun",0.0559964369643818
"Chaiyaphum","Khon San",0.0107421881773255
"Chaiyaphum","Khon Sawan",0.00160439208108007
"Chaiyaphum","Mueang Chaiyaphum",0.0399584731175147
"Chaiyaphum","Nong Bua Daeng",0.0612323112880661
"Chaiyaphum","Nong Bua Rawe",0.0523799701685268
"Chaiyaphum","Phakdi Chumphon",0.0343909329731351
"Chaiyaphum","Phu Khiao",0.0362938982776626
"Chaiyaphum","Sap Yai",0.0179095776243643
"Chaiyaphum","Thep Sathit",0.0274774858897382
"Chanthaburi","Kaeng Hang Maeo",0.163518822299122
"Chanthaburi","Khao Khitchakut",0.0999820712997579
"Chanthaburi","Khlung",0.101880538133684
"Chanthaburi","Laem Sing",0.0169070911383511
"Chanthaburi","Makham",0.115817581299616
"Chanthaburi","Mueang Chanthaburi",0.132616238867381
"Chanthaburi","Na Yai Am",0.0556800161660565
"Chanthaburi","Pong Nam Ron",0.072710815448966
"Chanthaburi","Soi Dao",0.0507212734150533
"Chanthaburi","Tha Mai",0.170219668581041
"Chiang Mai","Chai Prakan",0.00160439208108007
"Chiang Mai","Chiang Dao",0.00160439208108007
"Chiang Mai","Chom Thong",0.00160439208108007
"Chiang Mai","Doi Lo",0.00160439208108007
"Chiang Mai","Doi Saket",0.00510939365088351
"Chiang Mai","Doi Tao",0.00510939365088351
"Chiang Mai","Fang",0.0153281809526505
"Chiang Mai","Hang Dong",0.00160439208108007
"Chiang Mai","Hot",0.00510939365088351
"Chiang Mai","Mae Ai",0.00510939365088351
"Chiang Mai","Mae Chaem",0.00160439208108007
"Chiang Mai","Mae On",0.00160439208108007
"Chiang Mai","Mae Rim",0.00510939365088351
"Chiang Mai","Mae Taeng",0.00160439208108007
"Chiang Mai","Mae Wang",0.00160439208108007
"Chiang Mai","Mueang Chiang Mai",0.010218787301767
"Chiang Mai","Omkoi",0.00160439208108007
"Chiang Mai","Phrao",0.00160439208108007
"Chiang Mai","Samoeng",0.00160439208108007
"Chiang Mai","San Kamphaeng",0.00160439208108007
"Chiang Mai","San Pa Tong",0.00160439208108007
"Chiang Mai","San Sai",0.00510939365088351
"Chiang Mai","Saraphi",0.00160439208108007
"Chiang Mai","Wiang Haeng",0.00160439208108007
"Chiang Rai","Chiang Khong",0.0901129614900459
"Chiang Rai","Chiang Saen",0.0481708124279976
"Chiang Rai","Doi Luang",0.0430203852328387
"Chiang Rai","Khun Tan",0.0289233462377027
"Chiang Rai","Mae Chan",0.0781076694415373
"Chiang Rai","Mae Fa Luang",0.335117156810272
"Chiang Rai","Mae Lao",0.00160439208108007
"Chiang Rai","Mae Sai",0.0760538203030973
"Chiang Rai","Mae Suai",0.108554918904994
"Chiang Rai","Mueang Chiang Rai",0.0829729652098783
"Chiang Rai","Pa Daet",0.108754982378386
"Chiang Rai","Phan",0.0261748892781261
"Chiang Rai","Phaya Mengrai",0.0706905832816553
"Chiang Rai","Thoeng",0.0717511791868942
"Chiang Rai","Wiang Chai",0.0593718782303157
"Chiang Rai","Wiang Chiang Rung",0.0507638510449665
"Chiang Rai","Wiang Kaen",0.0177245790308172
"Chiang Rai","Wiang Pa Pao",0.0550845411926657
"Chon Buri","Ban Bueng",0.00160439208108007
"Chon Buri","Bang Lamung",0.00160439208108007
"Chon Buri","Bo Thong",0.00160439208108007
"Chon Buri","Ko Chan",0.00160439208108007
"Chon Buri","Mueang Chon Buri",0.00160439208108007
"Chon Buri","Nong Yai",0.00160439208108007
"Chon Buri","Phan Thong",0.00160439208108007
"Chon Buri","Phanat Nikhom",0.00583385949884464
"Chon Buri","Sattahip",0.00160439208108007
"Chon Buri","Si Racha",0.00496319715272296
"Chumphon","Lamae",0.0736899035271866
"Chumphon","Lang Suan",0.00160439208108007
"Chumphon","Mueang Chumphon",0.0177798513035475
"Chumphon","Pathio",0.00160439208108007
"Chumphon","Phato",0.0828475491567092
"Chumphon","Sawi",0.00160439208108007
"Chumphon","Tha Sae",0.18529943404894
"Chumphon","Thung Tako",0.00160439208108007
"Kalasin","Don Chan",0.0498641155642608
"Kalasin","Huai Mek",0.083501140264425
"Kalasin","Huai Phueng",0.0544475059617649
"Kalasin","Kamalasai",0.140017204773464
"Kalasin","Kham Muang",0.0773703573449735
"Kalasin","Khao Wong",0.00160439208108007
"Kalasin","Khong Chai",0.0950147805218704
"Kalasin","Kuchinarai",0.0932243395345805
"Kalasin","Mueang Kalasin",0.0611743119335145
"Kalasin","Na Khu",0.0796453492207961
"Kalasin","Na Mon",0.0443906662139025
"Kalasin","Nong Kung Si",0.0635012898602913
"Kalasin","Rong Kham",0.027737821367654
"Kalasin","Sahatsakhan",0.0655665289636942
"Kalasin","Sam Chai",0.0485386489467187
"Kalasin","Somdet",0.0618538558848104
"Kalasin","Tha Khantho",0.0692388085826521
"Kalasin","Yang Talat",0.0799712591255766
"Kamphaeng Phet","Bueng Samakkhi",0.00160439208108007
"Kamphaeng Phet","Khanu Woralaksaburi",0.00160439208108007
"Kamphaeng Phet","Khlong Khlung",0.00160439208108007
"Kamphaeng Phet","Khlong Lan",0.00160439208108007
"Kamphaeng Phet","Kosamphi Nakhon",0.00160439208108007
"Kamphaeng Phet","Lan Krabue",0.00160439208108007
"Kamphaeng Phet","Mueang Kamphaeng Phet",0.00160439208108007
"Kamphaeng Phet","Pang Sila Thong",0.00160439208108007
"Kamphaeng Phet","Phran Kratai",0.00160439208108007
"Kamphaeng Phet","Sai Ngam",0.00160439208108007
"Kamphaeng Phet","Sai Thong Watthana",0.00160439208108007
"Kanchanaburi","Bo Phloi",0.00160439208108007
"Kanchanaburi","Dan Makham Tia",0.00160439208108007
"Kanchanaburi","Huai Krachao",0.00160439208108007
"Kanchanaburi","Lao Khwan",0.00160439208108007
"Kanchanaburi","Mueang Kanchanaburi",0.00160439208108007
"Kanchanaburi","Nong Prue",0.00160439208108007
"Kanchanaburi","Phanom Thuan",0.00160439208108007
"Kanchanaburi","Sai Yok",0.00160439208108007
"Kanchanaburi","Sangkhla Buri",0.0881685391068458
"Kanchanaburi","Si Sawat",0.00160439208108007
"Kanchanaburi","Tha Maka",0.00160439208108007
"Kanchanaburi","Tha Muang",0.00160439208108007
"Kanchanaburi","Thong Pha Phum",0.0101514855430156
"Khon Kaen","Ban Fang",0.0178868365897374
"Khon Kaen","Ban Haet",0.0177615179934285
"Khon Kaen","Ban Phai",0.0395834448357667
"Khon Kaen","Chonnabot",0.0100492006379434
"Khon Kaen","Chum Phae",0.0445958099920641
"Khon Kaen","Khao Suan Kwang",0.0350082585249435
"Khon Kaen","Khok Pho Chai",0.0114354295300593
"Khon Kaen","Kranuan",0.0454168182543733
"Khon Kaen","Mancha Khiri",0.034212841567668
"Khon Kaen","Mueang Khon Kaen",0.0592450172065596
"Khon Kaen","Nam Phong",0.0439915552768986
"Khon Kaen","Non Sila",0.0287558362379097
"Khon Kaen","Nong Na Kham",0.0184232012978227
"Khon Kaen","Nong Ruea",0.0198212830332974
"Khon Kaen","Nong Song Hong",0.0352607866055013
"Khon Kaen","Phon",0.0252000292288777
"Khon Kaen","Phra Yuen",0.042767233835067
"Khon Kaen","Phu Pha Man",0.0434301664172457
"Khon Kaen","Phu Wiang",0.046165175058625
"Khon Kaen","Pueai Noi",0.0196823335506699
"Khon Kaen","Sam Sung",0.0457388269071865
"Khon Kaen","Si Chomphu",0.0157300999271683
"Khon Kaen","Ubolratana",0.0449291412769602
"Khon Kaen","Waeng Noi",0.00338005545464429
"Khon Kaen","Waeng Yai",0.00160439208108007
"Khon Kaen","Wiang Kao",0.00160439208108007
"Krabi","Ao Luek",0.198238974876244
"Krabi","Khao Phanom",0.168011196772722
"Krabi","Khlong Thom",0.192338540070914
"Krabi","Ko Lanta",0.24732877720486
"Krabi","Lam Thap",0.210723881017078
"Krabi","Mueang Krabi",0.247398941962776
"Krabi","Nuea Khlong",0.164845171299848
"Krabi","Plai Phraya",0.264305979621901
"Lampang","Chae Hom",0.067375760248818
"Lampang","Hang Chat",0.033820774067532
"Lampang","Ko Kha",0.00160439208108007
"Lampang","Mae Mo",0.0315984461060706
"Lampang","Mae Phrik",0.0130109719254754
"Lampang","Mae Tha",0.0539698304606291
"Lampang","Mueang Lampang",0.041052909059958
"Lampang","Mueang Pan",0.00160439208108007
"Lampang","Ngao",0.0417961153737251
"Lampang","Soem Ngam",0.00160439208108007
"Lampang","Sop Prap",0.0123130327541447
"Lampang","Thoen",0.156360601836985
"Lampang","Wang Nuea",0.00160439208108007
"Lamphun","Ban Hong",0.00160439208108007
"Lamphun","Ban Thi",0.00160439208108007
"Lamphun","Li",0.00160439208108007
"Lamphun","Mae Tha",0.0224425330887097
"Lamphun","Mueang Lamphun",0.00160439208108007
"Lamphun","Pa Sang",0.00160439208108007
"Lamphun","Thung Hua Chang",0.0224425330887097
"Lamphun","Wiang Nong Long",0.00160439208108007
"Loei","Chiang Khan",0.214296811109736
"Loei","Dan Sai",0.109030390327627
"Loei","Erawan",0.147797646847638
"Loei","Mueang Loei",0.127747707694521
"Loei","Na Duang",0.0965843946776157
"Loei","Na Haeo",0.0716755443318775
"Loei","Nong Hin",0.0720668624747884
"Loei","Pak Chom",0.118781379264231
"Loei","Pha Khao",0.0912344618794368
"Loei","Phu Kradueng",0.100373611508061
"Loei","Phu Luang",0.0423168012721521
"Loei","Phu Ruea",0.0720076667277196
"Loei","Tha Li",0.136999031256049
"Loei","Wang Saphung",0.262570544922149
"Lop Buri","Ban Mi",0.00160439208108007
"Lop Buri","Chai Badan",0.00160439208108007
"Lop Buri","Khok Charoen",0.00160439208108007
"Lop Buri","Khok Samrong",0.00160439208108007
"Lop Buri","Lam Sonthi",0.00160439208108007
"Lop Buri","Mueang Lop Buri",0.00160439208108007
"Lop Buri","Nong Muang",0.00160439208108007
"Lop Buri","Phatthana Nikhom",0.0119195892052217
"Lop Buri","Sa Bot",0.00160439208108007
"Lop Buri","Tha Luang",0.00160439208108007
"Lop Buri","Tha Wung",0.00160439208108007
"Mae Hong Son","Khun Yuam",0.0896905416792089
"Mae Hong Son","Mae La Noi",0.00160439208108007
"Mae Hong Son","Mae Sariang",0.161248658764757
"Mae Hong Son","Mueang Mae Hong Son",0.254375008800502
"Mae Hong Son","Pai",0.0995946065946059
"Mae Hong Son","Pang Mapha",0.326744372194464
"Mae Hong Son","Sop Moei",0.0319946965590984
"Maha Sarakham","Borabue",0.135957458611389
"Maha Sarakham","Chiang Yuen",0.060456785288724
"Maha Sarakham","Chuen Chom",0.0530210909518328
"Maha Sarakham","Kae Dam",0.0609663677486507
"Maha Sarakham","Kantharawichai",0.0738221062158391
"Maha Sarakham","Kosum Phisai",0.09144650596305
"Maha Sarakham","Kut Rang",0.103376494146808
"Maha Sarakham","Mueang Maha Sarakham",0.125988279008202
"Maha Sarakham","Na Chueak",0.0784632408463891
"Maha Sarakham","Na Dun",0.0361677509817211
"Maha Sarakham","Phayakkhaphum Phisai",0.086622267349952
"Maha Sarakham","Wapi Pathum",0.0599796761087684
"Mukdahan","Don Tan",0.175142122304342
"Mukdahan","Dong Luang",0.0771030260522012
"Mukdahan","Mueang Mukdahan",0.174612678428376
"Mukdahan","Nikhom Kham Soi",0.00160439208108007
"Mukdahan","Nong Sung",0.127066234814283
"Mukdahan","Wan Yai",0.00160439208108007
"Nakhon Nayok","Ban Na",0.00160439208108007
"Nakhon Nayok","Mueang Nakhon Nayok",0.00160439208108007
"Nakhon Nayok","Ongkharak",0.00160439208108007
"Nakhon Nayok","Pak Phli",0.244601750768875
"Nakhon Pathom","Bang Len",0.00160439208108007
"Nakhon Pathom","Don Tum",0.00160439208108007
"Nakhon Pathom","Kamphaeng Saen",0.00160439208108007
"Nakhon Pathom","Mueang Nakhon Pathom",0.00160439208108007
"Nakhon Pathom","Nakhon Chai Si",0.00160439208108007
"Nakhon Pathom","Phutthamonthon",0.00160439208108007
"Nakhon Pathom","Sam Phran",0.00160439208108007
"Nakhon Phanom","Ban Phaeng",0.0413463508540934
"Nakhon Phanom","Mueang Nakhon Phanom",0.124490049486974
"Nakhon Phanom","Na Kae",0.0881523842161353
"Nakhon Phanom","Na Thom",0.0105379101904955
"Nakhon Phanom","Na Wa",0.0126414323450767
"Nakhon Phanom","Phon Sawan",0.0493943400003694
"Nakhon Phanom","Pla Pak",0.00160439208108007
"Nakhon Phanom","Renu Nakhon",0.0786792798475786
"Nakhon Phanom","Si Songkhram",0.0822757089679892
"Nakhon Phanom","Tha Uthen",0.0591873202190081
"Nakhon Phanom","That Phanom",0.0597130738254576
"Nakhon Phanom","Wang Yang",0.00160439208108007
"Nakhon Ratchasima","Ban Lueam",0.00160439208108007
"Nakhon Ratchasima","Bua Lai",0.00160439208108007
"Nakhon Ratchasima","Bua Yai",0.0198961723257195
"Nakhon Ratchasima","Chakkarat",0.0094374381205514
"Nakhon Ratchasima","Chaloem Phra Kiat",0.00343192133679376
"Nakhon Ratchasima","Chok Chai",0.0371774184832397
"Nakhon Ratchasima","Chum Phuang",0.00686384267358753
"Nakhon Ratchasima","Dan Khun Thot",0.0466051708889651
"Nakhon Ratchasima","Huai Thalaeng",0.00343192133679376
"Nakhon Ratchasima","Kaeng Sanam Nang",0.030030834403905
"Nakhon Ratchasima","Kham Sakaesaeng",0.00160439208108007
"Nakhon Ratchasima","Kham Thale So",0.0243137011473829
"Nakhon Ratchasima","Khon Buri",0.0643856301703975
"Nakhon Ratchasima","Khong",0.0215905461321439
"Nakhon Ratchasima","Lam Thamenchai",0.00686384267358753
"Nakhon Ratchasima","Mueang Nakhon Ratchasima",0.0273358151516393
"Nakhon Ratchasima","Mueang Yang",0.0154563215645877
"Nakhon Ratchasima","Non Daeng",0.00160439208108007
"Nakhon Ratchasima","Non Sung",0.0322945104403929
"Nakhon Ratchasima","Non Thai",0.00160439208108007
"Nakhon Ratchasima","Pak Chong",0.0342280888022468
"Nakhon Ratchasima","Pak Thong Chai",0.0375792890648212
"Nakhon Ratchasima","Phimai",0.0163548642739037
"Nakhon Ratchasima","Phra Thong Kham",0.00160439208108007
"Nakhon Ratchasima","Prathai",0.0343525834073336
"Nakhon Ratchasima","Sida",0.00854203071106564
"Nakhon Ratchasima","Sikhio",0.0274650065059011
"Nakhon Ratchasima","Soeng Sang",0.0465556733848635
"Nakhon Ratchasima","Sung Noen",0.0252216712517433
"Nakhon Ratchasima","Thepharak",0.0101571422131102
"Nakhon Ratchasima","Wang Nam Khiao",0.0404607233676043
"Nakhon Sawan","Banphot Phisai",0.0300000553781336
"Nakhon Sawan","Chum Saeng",0.00857724369759144
"Nakhon Sawan","Chum Ta Bong",0.025466493434204
"Nakhon Sawan","Kao Liao",0.00160439208108007
"Nakhon Sawan","Krok Phra",0.00160439208108007
"Nakhon Sawan","Lat Yao",0.00160439208108007
"Nakhon Sawan","Mae Poen",0.0152323279868473
"Nakhon Sawan","Mae Wong",0.0253270111148489
"Nakhon Sawan","Mueang Nakhon Sawan",0.00160439208108007
"Nakhon Sawan","Nong Bua",0.00160439208108007
"Nakhon Sawan","Phaisali",0.00857724369759144
"Nakhon Sawan","Phayuha Khiri",0.00857724369759144
"Nakhon Sawan","Tak Fa",0.00160439208108007
"Nakhon Sawan","Takhli",0.00160439208108007
"Nakhon Sawan","Tha Tako",0.00160439208108007
"Nakhon Si Thammarat","Bang Khan",0.104990988333729
"Nakhon Si Thammarat","Chaloem Phra Kiat",0.0894922449486395
"Nakhon Si Thammarat","Chang Klang",0.155691671439193
"Nakhon Si Thammarat","Chawang",0.208023665508841
"Nakhon Si Thammarat","Chian Yai",0.0965816820908103
"Nakhon Si Thammarat","Chulabhorn",0.0917626347382247
"Nakhon Si Thammarat","Hua Sai",0.0650372759851829
"Nakhon Si Thammarat","Khanom",0.213502491062338
"Nakhon Si Thammarat","Lan Saka",0.0893815808696606
"Nakhon Si Thammarat","Mueang Nakhon Si Thammarat",0.148758989022224
"Nakhon Si Thammarat","Na Bon",0.155463899401101
"Nakhon Si Thammarat","Nopphitam",0.048606410283934
"Nakhon Si Thammarat","Pak Phanang",0.0475777167181216
"Nakhon Si Thammarat","Phipun",0.120129200031955
"Nakhon Si Thammarat","Phra Phrom",0.11476179138459
"Nakhon Si Thammarat","Phrom Khiri",0.102194612912456
"Nakhon Si Thammarat","Ron Phibun",0.130263355881275
"Nakhon Si Thammarat","Sichon",0.131859006529505
"Nakhon Si Thammarat","Tha Sala",0.123746139656713
"Nakhon Si Thammarat","Tham Phannara",0.191916589237828
"Nakhon Si Thammarat","Thung Song",0.135794911544145
"Nakhon Si Thammarat","Thung Yai",0.141324811874322
"Nan","Ban Luang",0.00160439208108007
"Nan","Bo Kluea",0.0152710527181625
"Nan","Chaloem Phra Kiat",0.0115502761168914
"Nan","Chiang Klang",0.111087355847657
"Nan","Mae Charim",0.163221584124999
"Nan","Mueang Nan",0.139841222610826
"Nan","Na Muen",0.126864705573429
"Nan","Na Noi",0.10415105045874
"Nan","Phu Phiang",0.108706700751104
"Nan","Pua",0.166259292157699
"Nan","Santi Suk",0.156121720847975
"Nan","Song Khwae",0.0244910945099322
"Nan","Tha Wang Pha",0.144753781892522
"Nan","Thung Chang",0.0285936939277702
"Nan","Wiang Sa",0.0989534976807507
"Narathiwat","Bacho",0.124928188594905
"Narathiwat","Chanae",0.00160439208108007
"Narathiwat","Mueang Narathiwat",0.00160439208108007
"Narathiwat","Rueso",0.0989878388825007
"Narathiwat","Si Sakhon",0.0225016932524173
"Narathiwat","Sukhirin",0.0675050797572518
"Narathiwat","Tak Bai",0.0666501654748321
"Narathiwat","Waeng",0.122924759046514
"Nong Bua Lam Phu","Mueang Nong Bua Lam Phu",0.0703846587020261
"Nong Bua Lam Phu","Na Klang",0.0986779467626052
"Nong Bua Lam Phu","Na Wang",0.0777821261418509
"Nong Bua Lam Phu","Non Sang",0.108524970197112
"Nong Bua Lam Phu","Si Bun Rueang",0.139417616816346
"Nong Bua Lam Phu","Suwannakhuha",0.11337427337911
"Nong Khai","Fao Rai",0.00160439208108007
"Nong Khai","Mueang Nong Khai",0.0733013220808723
"Nong Khai","Pho Tak",0.0211389566009695
"Nong Khai","Phon Phisai",0.00160439208108007
"Nong Khai","Rattanawapi",0.0491208677942103
"Nong Khai","Sakhrai",0.0485249703580683
"Nong Khai","Sangkhom",0.0174051649130673
"Nong Khai","Si Chiang Mai",0.0615260722962294
"Nong Khai","Tha Bo",0.0419234132224864
"Nonthaburi","Bang Kruai",0.00160439208108007
"Nonthaburi","Bang Yai",0.00160439208108007
"Nonthaburi","Mueang Nonthaburi",0.00718429151785904
"Nonthaburi","Pak Kret",0.00718429151785904
"Nonthaburi","Sai Noi",0.00160439208108007
"Pathum Thani","Khlong Luang",0.023438151873599
"Pathum Thani","Lam Luk Ka",0.00160439208108007
"Pathum Thani","Lat Lum Kaeo",0.00160439208108007
"Pathum Thani","Mueang Pathum Thani",0.00781271729119966
"Pathum Thani","Nong Suea",0.00160439208108007
"Pathum Thani","Sam Khok",0.00160439208108007
"Pathum Thani","Thanyaburi",0.00160439208108007
"Pattani","Kapho",0.00160439208108007
"Pattani","Khok Pho",0.213564725882601
"Pattani","Mae Lan",0.00160439208108007
"Pattani","Mai Kaen",0.00160439208108007
"Pattani","Mayo",0.154691052707759
"Pattani","Mueang Pattani",0.0250462082448597
"Pattani","Nong Chik",0.0730968801812691
"Pattani","Panare",0.134690249628615
"Pattani","Sai Buri",0.0820404717868024
"Pattani","Thung Yang Daeng",0.146829182451422
"Pattani","Yarang",0.163781694947345
"Pattani","Yaring",0.0269991973435071
"Phangnga","Kapong",0.273054436576682
"Phangnga","Khura Buri",0.772040437752212
"Phangnga","Ko Yao",0.146743194623427
"Phangnga","Takua Pa",0.408932160665562
"Phangnga","Takua Thung",0.43972027280883
"Phangnga","Thai Mueang",0.392895530988743
"Phangnga","Thap Put",0.0785911787639964
"Phatthalung","Bang Kaeo",0.131906144418647
"Phatthalung","Khao Chaison",0.13885190270809
"Phatthalung","Khuan Khanun",0.188574152718595
"Phatthalung","Kong Ra",0.190498096601382
"Phatthalung","Mueang Phatthalung",0.234032186979154
"Phatthalung","Pa Bon",0.210125834909057
"Phatthalung","Pa Phayom",0.229237157415112
"Phatthalung","Pak Phayun",0.00160439208108007
"Phatthalung","Si Banphot",0.220423098894535
"Phatthalung","Srinagarindra",0.210942177414599
"Phatthalung","Tamot",0.199956746850033
"Phayao","Chiang Kham",0.0503717227588135
"Phayao","Chiang Muan",0.121555309421279
"Phayao","Chun",0.0714129751206309
"Phayao","Dok Khamtai",0.0841105553236875
"Phayao","Mae Chai",0.0365943529389121
"Phayao","Mueang Phayao",0.0744934163310312
"Phayao","Phu Kamyao",0.0464461689818124
"Phayao","Phu Sang",0.0962731702761216
"Phayao","Pong",0.373884972294813
"Phetchabun","Bueng Sam Phan",0.0110194391824983
"Phetchabun","Chon Daen",0.0101584436541254
"Phetchabun","Khao Kho",0.00160439208108007
"Phetchabun","Lom Kao",0.0241589085622268
"Phetchabun","Lom Sak",0.00694822045889768
"Phetchabun","Mueang Phetchabun",0.0200651735067368
"Phetchabun","Nam Nao",0.00160439208108007
"Phetchabun","Nong Phai",0.0219268527897921
"Phetchabun","Si Thep",0.009160058371556
"Phetchabun","Wang Pong",0.0356125631472969
"Phetchabun","Wichian Buri",0.00160439208108007
"Phetchaburi","Ban Laem",0.00160439208108007
"Phetchaburi","Ban Lat",0.00160439208108007
"Phetchaburi","Kaeng Krachan",0.00160439208108007
"Phetchaburi","Khao Yoi",0.00160439208108007
"Phetchaburi","Mueang Phetchaburi",0.00160439208108007
"Phetchaburi","Nong Ya Plong",0.00160439208108007
"Phetchaburi","Tha Yang",0.00160439208108007
"Phichit","Bang Mun Nak",0.00160439208108007
"Phichit","Bueng Na Rang",0.00160439208108007
"Phichit","Dong Charoen",0.00160439208108007
"Phichit","Mueang Phichit",0.00160439208108007
"Phichit","Pho Prathap Chang",0.00160439208108007
"Phichit","Pho Thale",0.00160439208108007
"Phichit","Sak Lek",0.00160439208108007
"Phichit","Sam Ngam",0.00160439208108007
"Phichit","Taphan Hin",0.00160439208108007
"Phichit","Wachirabarami",0.00160439208108007
"Phichit","Wang Sai Phun",0.00160439208108007
"Phitsanulok","Bang Krathum",0.0105067213072211
"Phitsanulok","Bang Rakam",0.00160439208108007
"Phitsanulok","Chat Trakan",0.0163769112391905
"Phitsanulok","Mueang Phitsanulok",0.0210134426144422
"Phitsanulok","Nakhon Thai",0.0114319338039918
"Phitsanulok","Noen Maprang",0.0105067213072211
"Phitsanulok","Phrom Phiram",0.0105067213072211
"Phitsanulok","Wang Thong",0.0310930751185718
"Phitsanulok","Wat Bot",0.0153250247240066
"Phra Nakhon Si Ayutthaya","Ban Phraek",0.00160439208108007
"Phra Nakhon Si Ayutthaya","Bang Ban",0.00160439208108007
"Phra Nakhon Si Ayutthaya","Bang Pahan",0.00160439208108007
"Phra Nakhon Si Ayutthaya","Bang Sai",0.00160439208108007
"Phra Nakhon Si Ayutthaya","Lat Bua Luang",0.00160439208108007
"Phra Nakhon Si Ayutthaya","Maha Rat",0.00160439208108007
"Phra Nakhon Si Ayutthaya","Nakhon Luang",0.00160439208108007
"Phra Nakhon Si Ayutthaya","Phachi",0.00160439208108007
"Phra Nakhon Si Ayutthaya","Phak Hai",0.00160439208108007
"Phra Nakhon Si Ayutthaya","Phra Nakhon Si Ayutthaya",0.00160439208108007
"Phra Nakhon Si Ayutthaya","Sena",0.00160439208108007
"Phra Nakhon Si Ayutthaya","Tha Ruea",0.0110839333066432
"Phra Nakhon Si Ayutthaya","Uthai",0.00160439208108007
"Phra Nakhon Si Ayutthaya","Wang Noi",0.00160439208108007
"Phrae","Den Chai",0.0205804256278985
"Phrae","Long",0.0205804256278985
"Phrae","Mueang Phrae",0.0724181013480432
"Phrae","Nong Muang Khai",0.00160439208108007
"Phrae","Rong Kwang",0.0308883840387518
"Phrae","Song",0.0337713089856235
"Phrae","Sung Men",0.00160439208108007
"Phrae","Wang Chin",0.107454337856986
"Phuket","Kathu",0.202697390073428
"Phuket","Mueang Phuket",0.221647749243211
"Phuket","Thalang",0.297864444662876
"Prachin Buri","Ban Sang",0.00160439208108007
"Prachin Buri","Kabin Buri",0.00160439208108007
"Prachin Buri","Mueang Prachin Buri",0.020411571318453
"Prachin Buri","Na Di",0.0965136746422955
"Prachin Buri","Prachantakham",0.00160439208108007
"Prachin Buri","Si Maha Phot",0.00160439208108007
"Prachin Buri","Si Mahosot",0.00160439208108007
"Prachuap Khiri Khan","Bang Saphan",0.00160439208108007
"Prachuap Khiri Khan","Bang Saphan Noi",0.00160439208108007
"Prachuap Khiri Khan","Hua Hin",0.00160439208108007
"Prachuap Khiri Khan","Kui Buri",0.00160439208108007
"Prachuap Khiri Khan","Mueang Prachuap Khiri Khan",0.0164061479742673
"Prachuap Khiri Khan","Pran Buri",0.00160439208108007
"Prachuap Khiri Khan","Sam Roi Yot",0.0164061479742673
"Prachuap Khiri Khan","Thap Sakae",0.00160439208108007
"Ranong","Kapoe",0.387294442587625
"Ranong","Kra Buri",1.29298685623174
"Ranong","Mueang Ranong",0.534709073488859
"Ranong","Suk Samran",0.267591176042345
"Ratchaburi","Ban Kha",0.00160439208108007
"Ratchaburi","Ban Pong",0.00160439208108007
"Ratchaburi","Bang Phae",0.00160439208108007
"Ratchaburi","Chom Bueng",0.00160439208108007
"Ratchaburi","Damnoen Saduak",0.00160439208108007
"Ratchaburi","Mueang Ratchaburi",0.00160439208108007
"Ratchaburi","Pak Tho",0.00160439208108007
"Ratchaburi","Photharam",0.00160439208108007
"Ratchaburi","Suan Phueng",0.0520610392778676
"Ratchaburi","Wat Phleng",0.00160439208108007
"Rayong","Ban Chang",0.00160439208108007
"Rayong","Ban Khai",0.0130601952688613
"Rayong","Khao Chamao",0.00160439208108007
"Rayong","Klaeng",0.00160439208108007
"Rayong","Mueang Rayong",0.116084581205049
"Rayong","Nikhom Phatthana",0.0123727417117168
"Rayong","Pluak Daeng",0.0998008847236633
"Rayong","Wang Chan",0.00945684787901964
"Roi Et","At Samat",0.0674346354616659
"Roi Et","Changhan",0.0812084280267568
"Roi Et","Chaturaphak Phiman",0.0864022151732332
"Roi Et","Chiang Khwan",0.111554046734243
"Roi Et","Kaset Wisai",0.0740012645044109
"Roi Et","Moei Wadi",0.0835293700749225
"Roi Et","Mueang Roi Et",0.106804878774808
"Roi Et","Mueang Suang",0.0855628423253011
"Roi Et","Nong Hi",0.109321613880721
"Roi Et","Nong Phok",0.149306589040319
"Roi Et","Pathum Rat",0.0822048275308175
"Roi Et","Phanom Phrai",0.0826305784285069
"Roi Et","Pho Chai",0.158512300577601
"Roi Et","Phon Sai",0.048050621056239
"Roi Et","Phon Thong",0.0849342158432478
"Roi Et","Selaphum",0.0959503998294517
"Roi Et","Si Somdet",0.123175054449927
"Roi Et","Suwannaphum",0.105303500186313
"Roi Et","Thawat Buri",0.0806598833758068
"Roi Et","Thung Khao Luang",0.070616632490855
"Sa Kaeo","Aranyaprathet",0.00160439208108007
"Sa Kaeo","Khao Chakan",0.0882617652952599
"Sa Kaeo","Khlong Hat",0.0748792399059642
"Sa Kaeo","Khok Sung",0.00160439208108007
"Sa Kaeo","Mueang Sa Kaeo",0.141592854803259
"Sa Kaeo","Ta Phraya",0.00160439208108007
"Sa Kaeo","Wang Nam Yen",0.00160439208108007
"Sa Kaeo","Wang Sombun",0.0190068822015415
"Sa Kaeo","Watthana Nakhon",0.113334778574929
"Sakon Nakhon","Akat Amnuai",0.00160439208108007
"Sakon Nakhon","Ban Muang",0.0401822416619821
"Sakon Nakhon","Charoen Sin",0.0120426226745952
"Sakon Nakhon","Kham Ta Kla",0.00160439208108007
"Sakon Nakhon","Khok Si Suphan",0.00160439208108007
"Sakon Nakhon","Kusuman",0.00160439208108007
"Sakon Nakhon","Kut Bak",0.0827787098559465
"Sakon Nakhon","Mueang Sakon Nakhon",0.0239924036839892
"Sakon Nakhon","Nikhom Nam Un",0.0571867667815903
"Sakon Nakhon","Phang Khon",0.00160439208108007
"Sakon Nakhon","Phanna Nikhom",0.00160439208108007
"Sakon Nakhon","Phon Na Kaeo",0.00160439208108007
"Sakon Nakhon","Phu Phan",0.0765999379483135
"Sakon Nakhon","Sawang Daen Din",0.0621498853580151
"Sakon Nakhon","Song Dao",0.00160439208108007
"Sakon Nakhon","Tao Ngoi",0.0862504016881272
"Sakon Nakhon","Wanon Niwat",0.0689285509353701
"Sakon Nakhon","Waritchaphum",0.0583099539984357
"Samut Prakan","Bang Bo",0.0067596684382631
"Samut Prakan","Bang Phli",0.0067596684382631
"Samut Prakan","Bang Sao Thong",0.0135193368765262
"Samut Prakan","Mueang Samut Prakan",0.00160439208108007
"Samut Prakan","Phra Pradaeng",0.0067596684382631
"Samut Prakan","Phra Samut Chedi",0.0067596684382631
"Samut Sakhon","Ban Phaeo",0.00160439208108007
"Samut Sakhon","Krathum Baen",0.00160439208108007
"Samut Sakhon","Mueang Samut Sakhon",0.00160439208108007
"Samut Songkhram","Amphawa",0.00160439208108007
"Samut Songkhram","Bang Khonthi",0.0470288357306283
"Samut Songkhram","Mueang Samut Songkhram",0.0940576714612566
"Saraburi","Ban Mo",0.00160439208108007
"Saraburi","Chaloem Phra Kiat",0.00160439208108007
"Saraburi","Don Phut",0.00160439208108007
"Saraburi","Kaeng Khoi",0.00160439208108007
"Saraburi","Muak Lek",0.00160439208108007
"Saraburi","Mueang Saraburi",0.00160439208108007
"Saraburi","Nong Don",0.00160439208108007
"Saraburi","Nong Khae",0.0140745537557173
"Saraburi","Nong Saeng",0.00160439208108007
"Saraburi","Phra Phutthabat",0.0140745537557173
"Saraburi","Sao Hai",0.0140745537557173
"Saraburi","Wang Muang",0.00160439208108007
"Saraburi","Wihan Daeng",0.00160439208108007
"Satun","Khuan Don",0.0951008363203569
"Satun","Khuan Kalong",0.0561885192246209
"Satun","Manang",0.663206625106853
"Satun","Mueang Satun",0.423454588109797
"Satun","Tha Phae",0.00160439208108007
"Satun","Thung Wa",0.447015324820704
"Si Sa Ket","Benchalak",0.0452113495961086
"Si Sa Ket","Bueng Bun",0.0297022809688595
"Si Sa Ket","Huai Thap Than",0.0910382782861844
"Si Sa Ket","Kantharalak",0.0750506719368088
"Si Sa Ket","Kanthararom",0.0893199419085528
"Si Sa Ket","Khukhan",0.348542269701698
"Si Sa Ket","Khun Han",0.150766045166096
"Si Sa Ket","Mueang Chan",0.0669050234944137
"Si Sa Ket","Mueang Si Sa Ket",0.114326994260231
"Si Sa Ket","Nam Kliang",0.141329494830805
"Si Sa Ket","Non Khun",0.0876596014608035
"Si Sa Ket","Phayu",0.0816038508663968
"Si Sa Ket","Pho Si Suwan",0.0965938965375874
"Si Sa Ket","Phrai Bueng",0.0488000009473756
"Si Sa Ket","Phu Sing",0.0743636817325081
"Si Sa Ket","Prang Ku",0.135167107899512
"Si Sa Ket","Rasi Salai",0.0966047457947399
"Si Sa Ket","Si Rattana",0.0909201170910489
"Si Sa Ket","Sila Lat",0.0594059976316566
"Si Sa Ket","Uthumphon Phisai",0.174044291341965
"Si Sa Ket","Wang Hin",0.0782430441157302
"Si Sa Ket","Yang Chum Noi",0.113480245012578
"Sing Buri","Bang Rachan",0.00160439208108007
"Sing Buri","In Buri",0.00160439208108007
"Sing Buri","Khai Bang Rachan",0.00160439208108007
"Sing Buri","Mueang Sing Buri",0.00160439208108007
"Sing Buri","Phrom Buri",0.00160439208108007
"Sing Buri","Tha Chang",0.00160439208108007
"Songkhla","Bang Klam",0.0815316600593367
"Songkhla","Chana",0.0726903918970643
"Songkhla","Hat Yai",0.104300880539374
"Songkhla","Khlong Hoi Khong",0.111725310831699
"Songkhla","Khuan Niang",0.0126617154294651
"Songkhla","Krasae Sin",0.00160439208108007
"Songkhla","Mueang Songkhla",0.0518172473213961
"Songkhla","Na Mom",0.0850355183357615
"Songkhla","Na Thawi",0.106703456644571
"Songkhla","Ranot",0.00633085771473256
"Songkhla","Rattaphum",0.0939161475766646
"Songkhla","Saba Yoi",0.144436147894635
"Songkhla","Sadao",0.169741392230652
"Songkhla","Sathing Phra",0.0151790434663946
"Songkhla","Singhanakhon",0.00633085771473256
"Songkhla","Thepha",0.0908126480698657
"Sukhothai","Ban Dan Lan Hoi",0.00160439208108007
"Sukhothai","Khiri Mat",0.0152769901640626
"Sukhothai","Kong Krailat",0.0176753943616694
"Sukhothai","Mueang Sukhothai",0.00160439208108007
"Sukhothai","Sawankhalok",0.00160439208108007
"Sukhothai","Si Nakhon",0.00160439208108007
"Sukhothai","Si Samrong",0.00160439208108007
"Sukhothai","Si Satchanalai",0.105370434931664
"Sukhothai","Thung Saliam",0.126250726265993
"Suphan Buri","Bang Pla Ma",0.00160439208108007
"Suphan Buri","Dan Chang",0.00160439208108007
"Suphan Buri","Doem Bang Nang Buat",0.00160439208108007
"Suphan Buri","Don Chedi",0.00160439208108007
"Suphan Buri","Mueang Suphan Buri",0.00160439208108007
"Suphan Buri","Nong Ya Sai",0.00160439208108007
"Suphan Buri","Sam Chuk",0.00160439208108007
"Suphan Buri","Si Prachan",0.00160439208108007
"Suphan Buri","Song Phi Nong",0.00160439208108007
"Suphan Buri","U Thong",0.00160439208108007
"Surat Thani","Ban Na Doem",0.110371289384015
"Surat Thani","Ban Na San",0.0949294709216121
"Surat Thani","Ban Ta Khun",0.11371201593299
"Surat Thani","Chai Buri",0.13272462018043
"Surat Thani","Chaiya",0.143415573202864
"Surat Thani","Don Sak",0.16426114670255
"Surat Thani","Kanchanadit",0.181003254024199
"Surat Thani","Khian Sa",0.142388626933098
"Surat Thani","Khiri Rat Nikhom",0.14779831017074
"Surat Thani","Ko Samui",0.0803445926574487
"Surat Thani","Mueang Surat Thani",0.158408376759483
"Surat Thani","Phanom",0.140653478385486
"Surat Thani","Phrasaeng",0.136961972627507
"Surat Thani","Phunphin",0.0977923818375698
"Surat Thani","Tha Chana",0.108686909053474
"Surat Thani","Tha Chang",0.129850260926411
"Surat Thani","Vibhavadi",0.131530355102016
"Surat Thani","Wiang Sa",0.224663351525694
"Surin","Buachet",0.105932152892475
"Surin","Chom Phra",0.0452490263496771
"Surin","Chumphon Buri",0.082674397921343
"Surin","Kap Choeng",0.0825977459649885
"Surin","Lamduan",0.0898607308891687
"Surin","Mueang Surin",0.0602336747815342
"Surin","Non Narai",0.060534477653506
"Surin","Phanom Dong Rak",0.0663738659556422
"Surin","Prasat",0.0789613199637179
"Surin","Rattanaburi",0.0870242502333927
"Surin","Samrong Thap",0.120379597537574
"Surin","Sangkha",0.110642413973357
"Surin","Sanom",0.0782549967142668
"Surin","Si Narong",0.123864652596382
"Surin","Sikhoraphum",0.120528383784287
"Surin","Tha Tum",0.0918520969291141
"Tak","Ban Tak",0.0273156127847995
"Tak","Mae Ramat",0.0273156127847995
"Tak","Mae Sot",0.0409734191771992
"Tak","Mueang Tak",0.00160439208108007
"Tak","Phop Phra",0.00160439208108007
"Tak","Sam Ngao",0.00160439208108007
"Tak","Tha Song Yang",0.0273156127847995
"Tak","Umphang",0.0136578063923997
"Tak","Wang Chao",0.00160439208108007
"Trang","Hat Samran",0.319512057204916
"Trang","Huai Yot",0.196647397439329
"Trang","Kantang",0.243156649678167
"Trang","Mueang Trang",0.187978529860334
"Trang","Na Yong",0.208657386799528
"Trang","Palian",0.197812013508069
"Trang","Ratsada",0.213554131599471
"Trang","Sikao",0.164971744129402
"Trang","Wang Wiset",0.185262274001333
"Trang","Yan Ta Khao",0.179460474876216
"Trat","Bo Rai",0.00160439208108007
"Trat","Khao Saming",0.0395329107528726
"Trat","Khlong Yai",0.00160439208108007
"Trat","Ko Chang",0.00160439208108007
"Trat","Ko Kut",0.00160439208108007
"Trat","Laem Ngop",0.00160439208108007
"Trat","Mueang Trat",0.00160439208108007
"Ubon Ratchathani","Buntharik",0.0752396534060045
"Ubon Ratchathani","Det Udom",0.0667108597455544
"Ubon Ratchathani","Don Mot Daeng",0.0590844704749573
"Ubon Ratchathani","Khemarat",0.0323677980047065
"Ubon Ratchathani","Khong Chiam",0.0987424963915891
"Ubon Ratchathani","Khueang Nai",0.0761759851317171
"Ubon Ratchathani","Kut Khaopun",0.0304794763638215
"Ubon Ratchathani","Lao Suea Kok",0.0669453719344497
"Ubon Ratchathani","Muang Sam Sip",0.118746388234975
"Ubon Ratchathani","Mueang Ubon Ratchathani",0.0840016987331714
"Ubon Ratchathani","Na Chaluai",0.0550593112732367
"Ubon Ratchathani","Na Tan",0.00776163420893929
"Ubon Ratchathani","Na Yia",0.0535921673258087
"Ubon Ratchathani","Nam Khun",0.0644437949193131
"Ubon Ratchathani","Nam Yuen",0.062230803697742
"Ubon Ratchathani","Phibun Mangsahan",0.0634646881501113
"Ubon Ratchathani","Pho Sai",0.0340777369333094
"Ubon Ratchathani","Samrong",0.064632878072305
"Ubon Ratchathani","Sawang Wirawong",0.0510809860530902
"Ubon Ratchathani","Si Mueang Mai",0.0429663364287462
"Ubon Ratchathani","Sirindhorn",0.0437423766727642
"Ubon Ratchathani","Tan Sum",0.063726153263805
"Ubon Ratchathani","Thung Si Udom",0.0200156037780372
"Ubon Ratchathani","Trakan Phuet Phon",0.0812459902225235
"Ubon Ratchathani","Warin Chamrap",0.0515977964590023
"Udon Thani","Ban Dung",0.0141058129847023
"Udon Thani","Ban Phue",0.0217051308767335
"Udon Thani","Chai Wan",0.0422634535301829
"Udon Thani","Ku Kaeo",0.00160439208108007
"Udon Thani","Kumphawapi",0.0100516861473972
"Udon Thani","Kut Chap",0.017028331417929
"Udon Thani","Mueang Udon Thani",0.00246780816529828
"Udon Thani","Na Yung",0.0370572466741908
"Udon Thani","Nam Som",0.0405925651165572
"Udon Thani","Nong Han",0.0060549330982295
"Udon Thani","Nong Saeng",0.028679936954921
"Udon Thani","Nong Wua So",0.026576690883799
"Udon Thani","Phen",0.0215559502720806
"Udon Thani","Phibun Rak",0.00891128770817276
"Udon Thani","Sang Khom",0.00373094359582121
"Udon Thani","Si That",0.0194764706221494
"Udon Thani","Thung Fon",0.00160439208108007
"Udon Thani","Wang Sam Mo",0.0303732010703182
"Uthai Thani","Mueang Uthai Thani",0.0276640631094739
"Uthai Thani","Nong Chang",0.00160439208108007
"Uthai Thani","Nong Khayang",0.00160439208108007
"Uthai Thani","Sawang Arom",0.0276640631094739
"Uthai Thani","Thap Than",0.00160439208108007
"Uttaradit","Ban Khok",0.00160439208108007
"Uttaradit","Fak Tha",0.0430269798804236
"Uttaradit","Laplae",0.0434944211791685
"Uttaradit","Mueang Uttaradit",0.0202197554436597
"Uttaradit","Nam Pat",0.170191370924895
"Uttaradit","Phichai",0.00160439208108007
"Uttaradit","Tha Pla",0.103031691031547
"Uttaradit","Thong Saen Khan",0.0453542606397108
"Uttaradit","Tron",0.00160439208108007
"Yala","Bannang Sata",0.217941775570637
"Yala","Betong",0.0508506465659711
"Yasothon","Kham Khuean Kaeo",0.140398699125354
"Yasothon","Kho Wang",0.157577037109073
"Yasothon","Kut Chum",0.318869188881324
"Yasothon","Loeng Nok Tha",0.111295688583589
"Yasothon","Maha Chana Chai",0.15016426502387
"Yasothon","Mueang Yasothon",0.196559573264869
"Yasothon","Pa Tio",0.128292521292513
"Yasothon","Sai Mun",0.0675602210087761
"Yasothon","Thai Charoen",0.162768967073681
